{
    "Plugin_Name": "AstralSolver (星神の導き)",
    "Command_Astral_Help": "AstralSolverの設定を開く",
    "Command_AstralToggle_Help": "自動/ナビゲーションの切り替え",
    "ui.tab.overview": "概要",
    "ui.tab.navigator": "ナビゲーター",
    "ui.tab.astrologian": "占星設定",
    "ui.tab.language": "言語",
    "ui.tab.about": "情報",
    "ui.enable": "プラグインを有効にする",
    "ui.mode.auto": "自動戦闘",
    "ui.mode.navigator": "ナビゲーター",
    "ui.mode.training": "トレーニング",
    "ui.mode.disabled": "無効",
    "ui.navigator.display_mode": "表示モード",
    "ui.navigator.icon_size": "アイコンサイズ",
    "ui.navigator.offset_x": "水平オフセット",
    "ui.navigator.offset_y": "垂直オフセット",
    "ui.navigator.opacity": "不透明度",
    "ui.navigator.show_ogcd": "oGCD軌道を表示",
    "ui.navigator.show_reason": "理由バーを表示",
    "ui.navigator.show_ast_panel": "占星パネルを表示",
    "ui.navigator.show_perf": "パフォーマンスデータを表示",
    "ui.ast.emergency_hp": "緊急ヒールHP閾値",
    "ui.ast.preemptive_hp": "事前ヒールHP閾値",
    "ui.ast.smart_card": "スマートカード",
    "ui.ast.burst_priority": "バースト中DPSを優先",
    "ui.ast.avoid_dying": "瀕死対象へのカードを避ける",
    "ui.ast.divination_align": "120sバーストに合致",
    "ui.ast.divination_asap": "リキャスト毎に使用",
    "ui.ast.dot_threshold": "DoT更新閾値(秒)",
    "ui.about.version": "バージョン:",
    "ui.about.description": "AI駆動の自動戦闘＆ナビゲーションアシスト。",
    "ui.lang.preview": "翻訳プレビュー:",
    "Action_Malefic": "マレフィク",
    "Action_Combust": "コンバス",
    "Action_Gravity": "グラビデ",
    "Action_Benefic": "ベネフィク",
    "Action_BeneficII": "ベネフィラ",
    "Action_Helios": "ヘリオス",
    "Action_AspectedBenefic": "アスペクト・ベネフィク",
    "Action_AspectedHelios": "アスペクト・ヘリオス",
    "Action_EssentialDignity": "ディグニティ",
    "Action_CelestialIntersection": "星天交差",
    "Action_CelestialOpposition": "星天対抗",
    "Action_EarthlyStar": "アーサリースター",
    "Action_Microcosmos": "ミクロコスモス",
    "Action_Exaltation": "エグザルテーション",
    "Action_Macrocosmos": "マクロコスモス",
    "Card_AstralDraw": "アストラルドロー",
    "Card_UmbralDraw": "アンブラルドロー",
    "Card_PlayI": "プレイI (近)",
    "Card_PlayII": "プレイII (遠)",
    "Card_PlayIII": "プレイIII (防/回)",
    "Card_Balance": "アーゼマの均衡",
    "Card_Bole": "世界樹の幹",
    "Card_Arrow": "オシュオンの矢",
    "Card_Spear": "ハルオーネの槍",
    "Card_Ewer": "サリャクの水瓶",
    "Card_Spire": "ビエルゴの塔",
    "Card_LordOfCrowns": "クラウンロード",
    "Card_LadyOfCrowns": "クラウンレディ",
    "Sign_Solar": "太陽",
    "Sign_Lunar": "月",
    "Sign_Celestial": "星",
    "Reason_BurstPhase": "バーストフェーズ",
    "Reason_GcdUptime": "GCD継続",
    "Reason_KeepDot": "DoT維持",
    "Reason_LowHP": "低HP",
    "Reason_Raidwide": "全体攻撃",
    "Reason_TankBuster": "タンク強攻撃",
    "Reason_DoTRefresh": "DoT更新",
    "Reason_GcdFiller": "GCDフィラー技",
    "Reason_AoeDamage": "AoE閾値到達",
    "Reason_EmergencyHeal": "緊急回復",
    "Reason_OgcdHeal": "アビリティヒール",
    "Reason_Divination": "ディヴィネーション（バースト開始）",
    "Reason_DrawCard": "カードドロー",
    "Reason_PlayMeleeCard": "近接カード付与",
    "Reason_PlayRangedCard": "遠隔カード付与",
    "Reason_PlayDefensiveCard": "防御カード付与",
    "Reason_MinorArcana": "マイナーアルカナ",
    "Reason_PreemptiveMitigation": "全体攻撃の事前軽減",
    "Reason_WaitGcd": "アビリティ二重刺しのため待機",
    "Reason_PreventCap": "リソース/チャージ溢れ防止",
    "Reason_Movement": "移動中のインスタント詠唱",
    "Reason_OverhealPrevention": "オーバーヒール防止",
    "Reason_EarthlyStarDetonate": "アーサリースター起爆",
    "Reason_MicrocosmosTrigger": "ミクロコスモス発動",
    "Reason_EssentialDignity": "ディグニティ最大効果",
    "Reason_CelestialIntersection": "MTへの星天交差",
    "UI_Score": "スコア",
    "UI_Confidence": "確信度",
    "UI_NextAction": "次のアクション",
    "UI_Hold": "待機"
}