{
  "Author": "Antigravity",
  "Name": "AstralSolver",
  "InternalName": "AstralSolver",
  "AssemblyVersion": "0.4.0.0",
  "Description": "FFXIV Dalamud 智能战斗辅助插件。核心功能：Navigator导航模式、自动战斗、占星专精机制（自动发牌、最佳目标推荐、占卜团辅对齐）、多语言支持。",
  "ApplicableVersion": "any",
  "RepoUrl": "https://github.com/Loveil381/AstralSolver",
  "DalamudApiLevel": 14,
  "LoadRequiredState": 0,
  "LoadSync": false,
  "CanUnloadAsync": false,
  "LoadPriority": 0,
  "Punchline": "AI-driven FFXIV combat assistant - perfect every GCD",
  "AcceptsFeedback": true
}