{
    "Plugin_Name": "AstralSolver",
    "Command_Astral_Help": "Open AstralSolver main config",
    "Command_AstralToggle_Help": "Toggle Auto/Navigator mode",
    "Config_Enable": "Enable Plugin",
    "Config_Mode": "Running Mode",
    "Config_Mode_Auto": "Full Auto",
    "Config_Mode_Navigator": "Navigator Only (No Action Execution)",
    "Config_NavDisplayMode": "Navigator Display Mode",
    "Config_Nav_Minimal": "Minimal",
    "Config_Nav_Normal": "Normal",
    "Config_Nav_Detailed": "Detailed",
    "Config_Nav_Expert": "Expert",
    "Config_Language": "Language",
    "Config_JobSettings": "Job Settings",
    "Config_Job_Astrologian": "Astrologian (AST)",
    "Config_HealingStyle": "Healing Style",
    "Config_Healing_Greedy": "Greedy (Max HoT Value)",
    "Config_Healing_Safe": "Safe (High HP threshold)",
    "Config_Healing_Balanced": "Balanced",
    "Config_CoHealerTrust": "Co-Healer Trust (0-100)",
    "Config_CoHealerTrust_Tooltip": "Higher implies less over-heal. Lower it slightly if co-healer is WHM.",
    "Config_ShowCardPanel": "Show Standalone Card Panel",
    "Config_TrackPartyBursts": "Track Party Bursts",
    "Action_Malefic": "Malefic",
    "Action_Combust": "Combust",
    "Action_Gravity": "Gravity",
    "Action_Benefic": "Benefic",
    "Action_BeneficII": "Benefic II",
    "Action_Helios": "Helios",
    "Action_AspectedBenefic": "Aspected Benefic",
    "Action_AspectedHelios": "Aspected Helios",
    "Action_EssentialDignity": "Essential Dignity",
    "Action_CelestialIntersection": "Celestial Intersection",
    "Action_CelestialOpposition": "Celestial Opposition",
    "Action_EarthlyStar": "Earthly Star",
    "Action_Microcosmos": "Microcosmos",
    "Action_Exaltation": "Exaltation",
    "Action_Macrocosmos": "Macrocosmos",
    "Card_AstralDraw": "Astral Draw",
    "Card_UmbralDraw": "Umbral Draw",
    "Card_PlayI": "Play I (Melee)",
    "Card_PlayII": "Play II (Ranged)",
    "Card_PlayIII": "Play III (Defense/Heal)",
    "Card_Balance": "The Balance",
    "Card_Bole": "The Bole",
    "Card_Arrow": "The Arrow",
    "Card_Spear": "The Spear",
    "Card_Ewer": "The Ewer",
    "Card_Spire": "The Spire",
    "Card_LordOfCrowns": "Lord of Crowns",
    "Card_LadyOfCrowns": "Lady of Crowns",
    "Sign_Solar": "Solar",
    "Sign_Lunar": "Lunar",
    "Sign_Celestial": "Celestial",
    "Reason_BurstPhase": "Burst Phase Alignment",
    "Reason_GcdUptime": "Rolling GCD",
    "Reason_KeepDot": "DoT Upkeep",
    "Reason_LowHP": "Low Target HP",
    "Reason_Raidwide": "Raidwide AoE prep",
    "Reason_TankBuster": "Tankbuster mitigation",
    "UI_Score": "Score",
    "UI_Confidence": "Confidence",
    "UI_NextAction": "Next",
    "UI_Hold": "HOLD"
}