{
    "Plugin_Name": "AstralSolver 星灵求解器",
    "Command_Astral_Help": "打开 AstralSolver 主面板",
    "Command_AstralToggle_Help": "切换自动战斗/导航模式",
    "ui.tab.overview": "总览",
    "ui.tab.navigator": "导航器",
    "ui.tab.astrologian": "占星设置",
    "ui.tab.language": "语言",
    "ui.tab.about": "关于",
    "ui.enable": "启用插件",
    "ui.mode.auto": "自动战斗",
    "ui.mode.navigator": "导航器",
    "ui.mode.training": "训练模式",
    "ui.mode.disabled": "禁用",
    "ui.navigator.display_mode": "显示模式",
    "ui.navigator.icon_size": "图标大小",
    "ui.navigator.offset_x": "水平偏移",
    "ui.navigator.offset_y": "垂直偏移",
    "ui.navigator.opacity": "透明度",
    "ui.navigator.show_ogcd": "显示oGCD轨道",
    "ui.navigator.show_reason": "显示理由栏",
    "ui.navigator.show_ast_panel": "显示占星面板",
    "ui.navigator.show_perf": "显示性能数据",
    "ui.ast.emergency_hp": "紧急治疗HP阈值",
    "ui.ast.preemptive_hp": "预判治疗HP阈值",
    "ui.ast.smart_card": "智能发牌",
    "ui.ast.burst_priority": "优先爆发中的DPS",
    "ui.ast.avoid_dying": "避免给濒死目标发牌",
    "ui.ast.divination_align": "对齐120s爆发窗口",
    "ui.ast.divination_asap": "CD好了立即使用",
    "ui.ast.dot_threshold": "DoT刷新阈值(秒)",
    "ui.about.version": "当前版本:",
    "ui.about.description": "AI驱动的智能战斗辅助插件。内置导航器、自动双插防卡宏、智能决策与爆发对齐。",
    "ui.lang.preview": "翻译预览:",
    "Action_Malefic": "坠星/凶星",
    "Action_Combust": "焚灼",
    "Action_Gravity": "重力",
    "Action_Benefic": "吉星",
    "Action_BeneficII": "福星",
    "Action_Helios": "阳星",
    "Action_AspectedBenefic": "吉星相位",
    "Action_AspectedHelios": "阳星相位",
    "Action_EssentialDignity": "先天禀赋",
    "Action_CelestialIntersection": "天星交错",
    "Action_CelestialOpposition": "天星冲日",
    "Action_EarthlyStar": "地星",
    "Action_Microcosmos": "宏图",
    "Action_Exaltation": "擢升",
    "Action_Macrocosmos": "大宇宙",
    "Card_AstralDraw": "星位抽取",
    "Card_UmbralDraw": "暗位抽取",
    "Card_PlayI": "出牌I (近)",
    "Card_PlayII": "出牌II (远)",
    "Card_PlayIII": "出牌III (防/疗)",
    "Card_Balance": "太阳神之衡",
    "Card_Bole": "世界树之干",
    "Card_Arrow": "放浪神之箭",
    "Card_Spear": "战争神之枪",
    "Card_Ewer": "河流神之瓶",
    "Card_Spire": "建筑神之塔",
    "Card_LordOfCrowns": "皇冠领主",
    "Card_LadyOfCrowns": "皇冠贵妇",
    "Sign_Solar": "日月星：太阳",
    "Sign_Lunar": "日月星：月亮",
    "Sign_Celestial": "日月星：星辰",
    "Reason_BurstPhase": "爆发期对齐",
    "Reason_GcdUptime": "保持GCD不断",
    "Reason_KeepDot": "维持DoT伤害",
    "Reason_LowHP": "目标血量过低",
    "Reason_Raidwide": "应对全屏AoE",
    "Reason_TankBuster": "应对死刑",
    "Reason_DoTRefresh": "DoT即将结束，重新施加",
    "Reason_GcdFiller": "标准GCD填充",
    "Reason_AoeDamage": "目标数量达到AOE阈值",
    "Reason_EmergencyHeal": "救急：血线危险，立即恢复",
    "Reason_OgcdHeal": "能力技治疗穿插",
    "Reason_Divination": "开启团队爆发：占卜",
    "Reason_DrawCard": "抽取星位/暗位卡牌",
    "Reason_PlayMeleeCard": "发牌：最佳近战爆发目标",
    "Reason_PlayRangedCard": "发牌：最佳远程爆发目标",
    "Reason_PlayDefensiveCard": "发牌：提供防御增益",
    "Reason_MinorArcana": "抽取/释放小奥秘卡",
    "Reason_PreemptiveMitigation": "全屏AoE预判减伤",
    "Reason_WaitGcd": "等待下一窗口以双插",
    "Reason_PreventCap": "防止充能或资源溢出",
    "Reason_Movement": "移动战需要瞬发",
    "Reason_OverhealPrevention": "延后治疗以防过疗",
    "Reason_EarthlyStarDetonate": "引爆地星",
    "Reason_MicrocosmosTrigger": "宏图结算时间",
    "Reason_EssentialDignity": "极低血量先天最优化",
    "Reason_CelestialIntersection": "为当前坦克附加护盾",
    "UI_Score": "当前得分",
    "UI_Confidence": "置信度",
    "UI_NextAction": "下一步",
    "UI_Hold": "请勿操作",
    "Config_Mode": "运行模式",
    "Config_Language": "界面语言",
    "Config_Nav_Minimal": "极简（仅GCD）",
    "Config_Nav_Normal": "标准（GCD+oGCD）",
    "Config_Nav_Detailed": "详细（全部+置信度）",
    "Config_Nav_Expert": "专家（评分面板）"
}